<?xml version="1.0" encoding="UTF-8" standalone="yes"?>
<ns4:dispatchDataResponse xmlns="http://www.broservices.nl/xsd/brocommon/3.0" xmlns:ns5="http://www.broservices.nl/xsd/garcommon/1.0" xmlns:ns2="http://www.opengis.net/gml/3.2" xmlns:ns4="http://www.broservices.nl/xsd/dsgar/1.0" xmlns:ns3="http://www.w3.org/1999/xlink">
    <responseType>dispatch</responseType>
    <requestReference></requestReference>
    <dispatchTime>2023-04-06T13:35:22+02:00</dispatchTime>
    <ns4:dispatchDocument ns3:type="simple">
        <ns4:GAR_O ns2:id="BRO_0003">
            <broId>GAR000000035671</broId>
            <deliveryAccountableParty>30276683</deliveryAccountableParty>
            <qualityRegime>IMBRO/A</qualityRegime>
            <ns4:registrationHistory>
                <objectRegistrationTime>2023-01-13T22:04:41+01:00</objectRegistrationTime>
                <registrationStatus codeSpace="urn:bro:RegistrationStatus">voltooid</registrationStatus>
                <registrationCompletionTime>2023-01-13T22:04:41+01:00</registrationCompletionTime>
                <corrected>nee</corrected>
                <underReview>nee</underReview>
                <deregistered>nee</deregistered>
                <reregistered>nee</reregistered>
            </ns4:registrationHistory>
            <ns4:qualityControlMethod codeSpace="urn:bro:gar:QualityControlMethod">onbekend</ns4:qualityControlMethod>
            <ns4:groundwaterMonitoringNet ns3:type="simple">
                <ns5:GroundwaterMonitoringNet ns2:id="BRO_0002">
                    <ns5:broId>GMN000000000524</ns5:broId>
                </ns5:GroundwaterMonitoringNet>
            </ns4:groundwaterMonitoringNet>
            <ns4:monitoringPoint ns3:type="simple">
                <ns5:GroundwaterMonitoringTube ns2:id="BRO_0001">
                    <ns5:broId>GMW000000038704</ns5:broId>
                    <ns5:tubeNumber>1</ns5:tubeNumber>
                </ns5:GroundwaterMonitoringTube>
            </ns4:monitoringPoint>
            <ns4:fieldResearch>
                <ns5:samplingDateTime>1994-02-03T12:00:00+01:00</ns5:samplingDateTime>
                <ns5:samplingStandard codeSpace="urn:bro:gar:SamplingStandard">onbekend</ns5:samplingStandard>
                <ns5:samplingDevice>
                    <ns5:pumpType codeSpace="urn:bro:gar:PumpType">onderwaterpomp</ns5:pumpType>
                </ns5:samplingDevice>
                <ns5:fieldObservation>
                    <ns5:abnormalityInCooling>nee</ns5:abnormalityInCooling>
                    <ns5:abnormalityInDevice>nee</ns5:abnormalityInDevice>
                    <ns5:pollutedByEngine>nee</ns5:pollutedByEngine>
                    <ns5:filterAerated>onbekend</ns5:filterAerated>
                    <ns5:groundWaterLevelDroppedTooMuch>onbekend</ns5:groundWaterLevelDroppedTooMuch>
                    <ns5:abnormalFilter>nee</ns5:abnormalFilter>
                    <ns5:sampleAerated>onbekend</ns5:sampleAerated>
                    <ns5:hoseReused>ja</ns5:hoseReused>
                    <ns5:temperatureDifficultToMeasure>nee</ns5:temperatureDifficultToMeasure>
                </ns5:fieldObservation>
                <ns5:fieldMeasurement>
                    <ns5:parameter>1522</ns5:parameter>
                    <ns5:fieldMeasurementValue uom="Cel">11.5</ns5:fieldMeasurementValue>
                    <ns5:qualityControlStatus codeSpace="urn:bro:gar:QualityControlStatus">goedgekeurd</ns5:qualityControlStatus>
                </ns5:fieldMeasurement>
                <ns5:fieldMeasurement>
                    <ns5:parameter>3548</ns5:parameter>
                    <ns5:fieldMeasurementValue uom="mS/m">3370</ns5:fieldMeasurementValue>
                    <ns5:qualityControlStatus codeSpace="urn:bro:gar:QualityControlStatus">goedgekeurd</ns5:qualityControlStatus>
                </ns5:fieldMeasurement>
                <ns5:fieldMeasurement>
                    <ns5:parameter>1398</ns5:parameter>
                    <ns5:fieldMeasurementValue uom="1">7.4</ns5:fieldMeasurementValue>
                    <ns5:qualityControlStatus codeSpace="urn:bro:gar:QualityControlStatus">goedgekeurd</ns5:qualityControlStatus>
                </ns5:fieldMeasurement>
            </ns4:fieldResearch>
            <ns4:laboratoryAnalysis>
                <ns5:analysisProcess>
                    <ns5:analysisDate>
                        <date>1994-02-03</date>
                    </ns5:analysisDate>
                    <ns5:analyticalTechnique xsi:nil="true" xmlns:xsi="http://www.w3.org/2001/XMLSchema-instance"/>
                    <ns5:valuationMethod xsi:nil="true" xmlns:xsi="http://www.w3.org/2001/XMLSchema-instance"/>
                    <ns5:analysis>
                        <ns5:parameter>284</ns5:parameter>
                        <ns5:analysisMeasurementValue uom="ug/l">13.49</ns5:analysisMeasurementValue>
                        <ns5:qualityControlStatus codeSpace="urn:bro:gar:QualityControlStatus">onbekend</ns5:qualityControlStatus>
                    </ns5:analysis>
                </ns5:analysisProcess>
                <ns5:analysisProcess>
                    <ns5:analysisDate>
                        <date>1994-02-03</date>
                    </ns5:analysisDate>
                    <ns5:analyticalTechnique xsi:nil="true" xmlns:xsi="http://www.w3.org/2001/XMLSchema-instance"/>
                    <ns5:valuationMethod xsi:nil="true" xmlns:xsi="http://www.w3.org/2001/XMLSchema-instance"/>
                    <ns5:analysis>
                        <ns5:parameter>289</ns5:parameter>
                        <ns5:analysisMeasurementValue uom="mg/l">2.172</ns5:analysisMeasurementValue>
                        <ns5:qualityControlStatus codeSpace="urn:bro:gar:QualityControlStatus">onbekend</ns5:qualityControlStatus>
                    </ns5:analysis>
                </ns5:analysisProcess>
                <ns5:analysisProcess>
                    <ns5:analysisDate>
                        <date>1994-02-03</date>
                    </ns5:analysisDate>
                    <ns5:analyticalTechnique xsi:nil="true" xmlns:xsi="http://www.w3.org/2001/XMLSchema-instance"/>
                    <ns5:valuationMethod xsi:nil="true" xmlns:xsi="http://www.w3.org/2001/XMLSchema-instance"/>
                    <ns5:analysis>
                        <ns5:parameter>333</ns5:parameter>
                        <ns5:analysisMeasurementValue uom="ug/l">231.264</ns5:analysisMeasurementValue>
                        <ns5:qualityControlStatus codeSpace="urn:bro:gar:QualityControlStatus">onbekend</ns5:qualityControlStatus>
                    </ns5:analysis>
                </ns5:analysisProcess>
                <ns5:analysisProcess>
                    <ns5:analysisDate>
                        <date>1994-02-03</date>
                    </ns5:analysisDate>
                    <ns5:analyticalTechnique xsi:nil="true" xmlns:xsi="http://www.w3.org/2001/XMLSchema-instance"/>
                    <ns5:valuationMethod xsi:nil="true" xmlns:xsi="http://www.w3.org/2001/XMLSchema-instance"/>
                    <ns5:analysis>
                        <ns5:parameter>441</ns5:parameter>
                        <ns5:analysisMeasurementValue uom="ug/l">0.472</ns5:analysisMeasurementValue>
                        <ns5:qualityControlStatus codeSpace="urn:bro:gar:QualityControlStatus">onbekend</ns5:qualityControlStatus>
                    </ns5:analysis>
                </ns5:analysisProcess>
                <ns5:analysisProcess>
                    <ns5:analysisDate>
                        <date>1994-02-03</date>
                    </ns5:analysisDate>
                    <ns5:analyticalTechnique xsi:nil="true" xmlns:xsi="http://www.w3.org/2001/XMLSchema-instance"/>
                    <ns5:valuationMethod xsi:nil="true" xmlns:xsi="http://www.w3.org/2001/XMLSchema-instance"/>
                    <ns5:analysis>
                        <ns5:parameter>447</ns5:parameter>
                        <ns5:analysisMeasurementValue uom="mg/l">332.997</ns5:analysisMeasurementValue>
                        <ns5:qualityControlStatus codeSpace="urn:bro:gar:QualityControlStatus">onbekend</ns5:qualityControlStatus>
                    </ns5:analysis>
                </ns5:analysisProcess>
                <ns5:analysisProcess>
                    <ns5:analysisDate>
                        <date>1994-02-03</date>
                    </ns5:analysisDate>
                    <ns5:analyticalTechnique xsi:nil="true" xmlns:xsi="http://www.w3.org/2001/XMLSchema-instance"/>
                    <ns5:valuationMethod xsi:nil="true" xmlns:xsi="http://www.w3.org/2001/XMLSchema-instance"/>
                    <ns5:analysis>
                        <ns5:parameter>508</ns5:parameter>
                        <ns5:analysisMeasurementValue uom="mg/l">11673.891</ns5:analysisMeasurementValue>
                        <ns5:qualityControlStatus codeSpace="urn:bro:gar:QualityControlStatus">onbekend</ns5:qualityControlStatus>
                    </ns5:analysis>
                </ns5:analysisProcess>
                <ns5:analysisProcess>
                    <ns5:analysisDate>
                        <date>1994-02-03</date>
                    </ns5:analysisDate>
                    <ns5:analyticalTechnique xsi:nil="true" xmlns:xsi="http://www.w3.org/2001/XMLSchema-instance"/>
                    <ns5:valuationMethod xsi:nil="true" xmlns:xsi="http://www.w3.org/2001/XMLSchema-instance"/>
                    <ns5:analysis>
                        <ns5:parameter>4188</ns5:parameter>
                        <ns5:analysisMeasurementValue uom="mg/l">1.796</ns5:analysisMeasurementValue>
                        <ns5:qualityControlStatus codeSpace="urn:bro:gar:QualityControlStatus">onbekend</ns5:qualityControlStatus>
                    </ns5:analysis>
                </ns5:analysisProcess>
                <ns5:analysisProcess>
                    <ns5:analysisDate>
                        <date>1994-02-03</date>
                    </ns5:analysisDate>
                    <ns5:analyticalTechnique xsi:nil="true" xmlns:xsi="http://www.w3.org/2001/XMLSchema-instance"/>
                    <ns5:valuationMethod xsi:nil="true" xmlns:xsi="http://www.w3.org/2001/XMLSchema-instance"/>
                    <ns5:analysis>
                        <ns5:parameter>879</ns5:parameter>
                        <ns5:analysisMeasurementValue uom="ug/l">212.0</ns5:analysisMeasurementValue>
                        <ns5:qualityControlStatus codeSpace="urn:bro:gar:QualityControlStatus">onbekend</ns5:qualityControlStatus>
                    </ns5:analysis>
                </ns5:analysisProcess>
                <ns5:analysisProcess>
                    <ns5:analysisDate>
                        <date>1994-02-03</date>
                    </ns5:analysisDate>
                    <ns5:analyticalTechnique xsi:nil="true" xmlns:xsi="http://www.w3.org/2001/XMLSchema-instance"/>
                    <ns5:valuationMethod xsi:nil="true" xmlns:xsi="http://www.w3.org/2001/XMLSchema-instance"/>
                    <ns5:analysis>
                        <ns5:parameter>920</ns5:parameter>
                        <ns5:analysisMeasurementValue uom="mg/l">260.758</ns5:analysisMeasurementValue>
                        <ns5:qualityControlStatus codeSpace="urn:bro:gar:QualityControlStatus">onbekend</ns5:qualityControlStatus>
                    </ns5:analysis>
                </ns5:analysisProcess>
                <ns5:analysisProcess>
                    <ns5:analysisDate>
                        <date>1994-02-03</date>
                    </ns5:analysisDate>
                    <ns5:analyticalTechnique xsi:nil="true" xmlns:xsi="http://www.w3.org/2001/XMLSchema-instance"/>
                    <ns5:valuationMethod xsi:nil="true" xmlns:xsi="http://www.w3.org/2001/XMLSchema-instance"/>
                    <ns5:analysis>
                        <ns5:parameter>1318</ns5:parameter>
                        <ns5:analysisMeasurementValue uom="mg/l">3.927</ns5:analysisMeasurementValue>
                        <ns5:qualityControlStatus codeSpace="urn:bro:gar:QualityControlStatus">onbekend</ns5:qualityControlStatus>
                    </ns5:analysis>
                </ns5:analysisProcess>
                <ns5:analysisProcess>
                    <ns5:analysisDate>
                        <date>1994-02-03</date>
                    </ns5:analysisDate>
                    <ns5:analyticalTechnique xsi:nil="true" xmlns:xsi="http://www.w3.org/2001/XMLSchema-instance"/>
                    <ns5:valuationMethod xsi:nil="true" xmlns:xsi="http://www.w3.org/2001/XMLSchema-instance"/>
                    <ns5:analysis>
                        <ns5:parameter>971</ns5:parameter>
                        <ns5:analysisMeasurementValue uom="ug/l">0.635</ns5:analysisMeasurementValue>
                        <ns5:qualityControlStatus codeSpace="urn:bro:gar:QualityControlStatus">onbekend</ns5:qualityControlStatus>
                    </ns5:analysis>
                </ns5:analysisProcess>
                <ns5:analysisProcess>
                    <ns5:analysisDate>
                        <date>1994-02-03</date>
                    </ns5:analysisDate>
                    <ns5:analyticalTechnique xsi:nil="true" xmlns:xsi="http://www.w3.org/2001/XMLSchema-instance"/>
                    <ns5:valuationMethod xsi:nil="true" xmlns:xsi="http://www.w3.org/2001/XMLSchema-instance"/>
                    <ns5:analysis>
                        <ns5:parameter>1116</ns5:parameter>
                        <ns5:analysisMeasurementValue uom="ug/l">2.093</ns5:analysisMeasurementValue>
                        <ns5:qualityControlStatus codeSpace="urn:bro:gar:QualityControlStatus">onbekend</ns5:qualityControlStatus>
                    </ns5:analysis>
                </ns5:analysisProcess>
                <ns5:analysisProcess>
                    <ns5:analysisDate>
                        <date>1994-02-03</date>
                    </ns5:analysisDate>
                    <ns5:analyticalTechnique xsi:nil="true" xmlns:xsi="http://www.w3.org/2001/XMLSchema-instance"/>
                    <ns5:valuationMethod xsi:nil="true" xmlns:xsi="http://www.w3.org/2001/XMLSchema-instance"/>
                    <ns5:analysis>
                        <ns5:parameter>1125</ns5:parameter>
                        <ns5:analysisMeasurementValue uom="mg/l">848.37</ns5:analysisMeasurementValue>
                        <ns5:qualityControlStatus codeSpace="urn:bro:gar:QualityControlStatus">onbekend</ns5:qualityControlStatus>
                    </ns5:analysis>
                </ns5:analysisProcess>
                <ns5:analysisProcess>
                    <ns5:analysisDate>
                        <date>1994-02-03</date>
                    </ns5:analysisDate>
                    <ns5:analyticalTechnique xsi:nil="true" xmlns:xsi="http://www.w3.org/2001/XMLSchema-instance"/>
                    <ns5:valuationMethod xsi:nil="true" xmlns:xsi="http://www.w3.org/2001/XMLSchema-instance"/>
                    <ns5:analysis>
                        <ns5:parameter>1128</ns5:parameter>
                        <ns5:analysisMeasurementValue uom="ug/l">967.0</ns5:analysisMeasurementValue>
                        <ns5:qualityControlStatus codeSpace="urn:bro:gar:QualityControlStatus">onbekend</ns5:qualityControlStatus>
                    </ns5:analysis>
                </ns5:analysisProcess>
                <ns5:analysisProcess>
                    <ns5:analysisDate>
                        <date>1994-02-03</date>
                    </ns5:analysisDate>
                    <ns5:analyticalTechnique xsi:nil="true" xmlns:xsi="http://www.w3.org/2001/XMLSchema-instance"/>
                    <ns5:valuationMethod xsi:nil="true" xmlns:xsi="http://www.w3.org/2001/XMLSchema-instance"/>
                    <ns5:analysis>
                        <ns5:parameter>1262</ns5:parameter>
                        <ns5:analysisMeasurementValue uom="mg/l">6832.95</ns5:analysisMeasurementValue>
                        <ns5:qualityControlStatus codeSpace="urn:bro:gar:QualityControlStatus">onbekend</ns5:qualityControlStatus>
                    </ns5:analysis>
                </ns5:analysisProcess>
                <ns5:analysisProcess>
                    <ns5:analysisDate>
                        <date>1994-02-03</date>
                    </ns5:analysisDate>
                    <ns5:analyticalTechnique xsi:nil="true" xmlns:xsi="http://www.w3.org/2001/XMLSchema-instance"/>
                    <ns5:valuationMethod xsi:nil="true" xmlns:xsi="http://www.w3.org/2001/XMLSchema-instance"/>
                    <ns5:analysis>
                        <ns5:parameter>1270</ns5:parameter>
                        <ns5:analysisMeasurementValue uom="mg/l">0.028</ns5:analysisMeasurementValue>
                        <ns5:qualityControlStatus codeSpace="urn:bro:gar:QualityControlStatus">onbekend</ns5:qualityControlStatus>
                    </ns5:analysis>
                </ns5:analysisProcess>
                <ns5:analysisProcess>
                    <ns5:analysisDate>
                        <date>1994-02-03</date>
                    </ns5:analysisDate>
                    <ns5:analyticalTechnique xsi:nil="true" xmlns:xsi="http://www.w3.org/2001/XMLSchema-instance"/>
                    <ns5:valuationMethod xsi:nil="true" xmlns:xsi="http://www.w3.org/2001/XMLSchema-instance"/>
                    <ns5:analysis>
                        <ns5:parameter>1501</ns5:parameter>
                        <ns5:analysisMeasurementValue uom="ug/l">5227.409</ns5:analysisMeasurementValue>
                        <ns5:qualityControlStatus codeSpace="urn:bro:gar:QualityControlStatus">onbekend</ns5:qualityControlStatus>
                    </ns5:analysis>
                </ns5:analysisProcess>
                <ns5:analysisProcess>
                    <ns5:analysisDate>
                        <date>1994-02-03</date>
                    </ns5:analysisDate>
                    <ns5:analyticalTechnique xsi:nil="true" xmlns:xsi="http://www.w3.org/2001/XMLSchema-instance"/>
                    <ns5:valuationMethod xsi:nil="true" xmlns:xsi="http://www.w3.org/2001/XMLSchema-instance"/>
                    <ns5:analysis>
                        <ns5:parameter>1508</ns5:parameter>
                        <ns5:analysisMeasurementValue uom="mg/l">1560.668</ns5:analysisMeasurementValue>
                        <ns5:qualityControlStatus codeSpace="urn:bro:gar:QualityControlStatus">onbekend</ns5:qualityControlStatus>
                    </ns5:analysis>
                </ns5:analysisProcess>
                <ns5:analysisProcess>
                    <ns5:analysisDate>
                        <date>1994-02-03</date>
                    </ns5:analysisDate>
                    <ns5:analyticalTechnique xsi:nil="true" xmlns:xsi="http://www.w3.org/2001/XMLSchema-instance"/>
                    <ns5:valuationMethod xsi:nil="true" xmlns:xsi="http://www.w3.org/2001/XMLSchema-instance"/>
                    <ns5:analysis>
                        <ns5:parameter>1693</ns5:parameter>
                        <ns5:analysisMeasurementValue uom="ug/l">130.78</ns5:analysisMeasurementValue>
                        <ns5:qualityControlStatus codeSpace="urn:bro:gar:QualityControlStatus">onbekend</ns5:qualityControlStatus>
                    </ns5:analysis>
                </ns5:analysisProcess>
            </ns4:laboratoryAnalysis>
        </ns4:GAR_O>
    </ns4:dispatchDocument>
</ns4:dispatchDataResponse>
