<?xml version="1.0" encoding="UTF-8" standalone="yes"?>
<ns4:dispatchDataResponse xmlns="http://www.broservices.nl/xsd/brocommon/3.0" xmlns:ns5="http://www.broservices.nl/xsd/garcommon/1.0" xmlns:ns2="http://www.opengis.net/gml/3.2" xmlns:ns4="http://www.broservices.nl/xsd/dsgar/1.0" xmlns:ns3="http://www.w3.org/1999/xlink">
    <responseType>dispatch</responseType>
    <requestReference></requestReference>
    <dispatchTime>2023-04-06T13:35:22+02:00</dispatchTime>
    <ns4:dispatchDocument ns3:type="simple">
        <ns4:GAR_O ns2:id="BRO_0003">
            <broId>GAR000000035695</broId>
            <deliveryAccountableParty>30276683</deliveryAccountableParty>
            <qualityRegime>IMBRO/A</qualityRegime>
            <ns4:registrationHistory>
                <objectRegistrationTime>2023-01-13T22:05:49+01:00</objectRegistrationTime>
                <registrationStatus codeSpace="urn:bro:RegistrationStatus">voltooid</registrationStatus>
                <registrationCompletionTime>2023-01-13T22:05:49+01:00</registrationCompletionTime>
                <corrected>nee</corrected>
                <underReview>nee</underReview>
                <deregistered>nee</deregistered>
                <reregistered>nee</reregistered>
            </ns4:registrationHistory>
            <ns4:qualityControlMethod codeSpace="urn:bro:gar:QualityControlMethod">onbekend</ns4:qualityControlMethod>
            <ns4:groundwaterMonitoringNet ns3:type="simple">
                <ns5:GroundwaterMonitoringNet ns2:id="BRO_0002">
                    <ns5:broId>GMN000000000524</ns5:broId>
                </ns5:GroundwaterMonitoringNet>
            </ns4:groundwaterMonitoringNet>
            <ns4:monitoringPoint ns3:type="simple">
                <ns5:GroundwaterMonitoringTube ns2:id="BRO_0001">
                    <ns5:broId>GMW000000038704</ns5:broId>
                    <ns5:tubeNumber>2</ns5:tubeNumber>
                </ns5:GroundwaterMonitoringTube>
            </ns4:monitoringPoint>
            <ns4:fieldResearch>
                <ns5:samplingDateTime>1982-04-21T13:00:00+02:00</ns5:samplingDateTime>
                <ns5:samplingStandard codeSpace="urn:bro:gar:SamplingStandard">onbekend</ns5:samplingStandard>
                <ns5:samplingDevice>
                    <ns5:pumpType codeSpace="urn:bro:gar:PumpType">onderwaterpomp</ns5:pumpType>
                </ns5:samplingDevice>
                <ns5:fieldObservation>
                    <ns5:abnormalityInCooling>nee</ns5:abnormalityInCooling>
                    <ns5:abnormalityInDevice>nee</ns5:abnormalityInDevice>
                    <ns5:pollutedByEngine>nee</ns5:pollutedByEngine>
                    <ns5:filterAerated>onbekend</ns5:filterAerated>
                    <ns5:groundWaterLevelDroppedTooMuch>onbekend</ns5:groundWaterLevelDroppedTooMuch>
                    <ns5:abnormalFilter>nee</ns5:abnormalFilter>
                    <ns5:sampleAerated>onbekend</ns5:sampleAerated>
                    <ns5:hoseReused>ja</ns5:hoseReused>
                    <ns5:temperatureDifficultToMeasure>nee</ns5:temperatureDifficultToMeasure>
                </ns5:fieldObservation>
            </ns4:fieldResearch>
        </ns4:GAR_O>
    </ns4:dispatchDocument>
</ns4:dispatchDataResponse>
