<?xml version="1.0" encoding="UTF-8" standalone="yes"?><packingSlip xmlns="http://uitgifteloket.broloket.nl/types"><deliveryDate>2023-04-06T13:35:25.085+02:00</deliveryDate><customer><email>hendrik.meuwese@scheldestromen.nl</email></customer><wayOfDelivery>BY_EMAIL</wayOfDelivery><numberOfObjects>116</numberOfObjects><numberOfFiles>200</numberOfFiles><deliveredObjects><objectId>B48F0172</objectId><objectType>GWSA</objectType><x>58260.0</x><y>389190.0</y><registration_status>REGISTERED</registration_status><deliveredFiles><fileName>B48F0172.txt</fileName><fileType>DATA_FILE</fileType></deliveredFiles></deliveredObjects><deliveredObjects><objectId>B48F0200</objectId><objectType>GWSA</objectType><x>58620.0</x><y>389000.0</y><registration_status>REGISTERED</registration_status><deliveredFiles><fileName>B48F0200.txt</fileName><fileType>DATA_FILE</fileType></deliveredFiles></deliveredObjects><deliveredObjects><objectId>B48F0203</objectId><objectType>GWSA</objectType><x>59400.0</x><y>389050.0</y><registration_status>REGISTERED</registration_status><deliveredFiles><fileName>B48F0203.txt</fileName><fileType>DATA_FILE</fileType></deliveredFiles></deliveredObjects><deliveredObjects><objectId>B48H0215</objectId><objectType>GWSA</objectType><x>58138.0</x><y>385700.0</y><registration_status>REGISTERED</registration_status><deliveredFiles><fileName>B48H0215.txt</fileName><fileType>DATA_FILE</fileType></deliveredFiles></deliveredObjects><deliveredObjects><objectId>B48H0203</objectId><objectType>GWSA</objectType><x>59370.0</x><y>385937.0</y><registration_status>REGISTERED</registration_status><deliveredFiles><fileName>B48H0203.txt</fileName><fileType>DATA_FILE</fileType></deliveredFiles></deliveredObjects><deliveredObjects><objectId>B48H0066</objectId><objectType>GWSA</objectType><x>58954.0</x><y>387145.0</y><registration_status>REGISTERED</registration_status><deliveredFiles><fileName>B48H0066.txt</fileName><fileType>DATA_FILE</fileType></deliveredFiles></deliveredObjects><deliveredObjects><objectId>B48F0199</objectId><objectType>GWST</objectType><x>57375.0</x><y>389005.0</y><registration_status>REGISTERED</registration_status><deliveredFiles><fileName>B48F0199001_0.csv</fileName><fileType>DATA_FILE</fileType></deliveredFiles><deliveredFiles><fileName>B48F0199001_1.csv</fileName><fileType>DATA_FILE</fileType></deliveredFiles><deliveredFiles><fileName>B48F0199002_0.csv</fileName><fileType>DATA_FILE</fileType></deliveredFiles><deliveredFiles><fileName>B48F0199002_1.csv</fileName><fileType>DATA_FILE</fileType></deliveredFiles><deliveredFiles><fileName>B48F0199003_0.csv</fileName><fileType>DATA_FILE</fileType></deliveredFiles><deliveredFiles><fileName>B48F0199003_1.csv</fileName><fileType>DATA_FILE</fileType></deliveredFiles></deliveredObjects><deliveredObjects><objectId>B48F0231</objectId><objectType>GWST</objectType><x>57381.0</x><y>389003.0</y><registration_status>REGISTERED</registration_status><deliveredFiles><fileName>B48F0231001_0.csv</fileName><fileType>DATA_FILE</fileType></deliveredFiles><deliveredFiles><fileName>B48F0231001_1.csv</fileName><fileType>DATA_FILE</fileType></deliveredFiles><deliveredFiles><fileName>B48F0231002_0.csv</fileName><fileType>DATA_FILE</fileType></deliveredFiles><deliveredFiles><fileName>B48F0231002_1.csv</fileName><fileType>DATA_FILE</fileType></deliveredFiles><deliveredFiles><fileName>B48F0231003_0.csv</fileName><fileType>DATA_FILE</fileType></deliveredFiles><deliveredFiles><fileName>B48F0231003_1.csv</fileName><fileType>DATA_FILE</fileType></deliveredFiles></deliveredObjects><deliveredObjects><objectId>B48F0234</objectId><objectType>GWST</objectType><x>58205.0</x><y>388337.0</y><registration_status>REGISTERED</registration_status><deliveredFiles><fileName>B48F0234001_0.csv</fileName><fileType>DATA_FILE</fileType></deliveredFiles><deliveredFiles><fileName>B48F0234001_1.csv</fileName><fileType>DATA_FILE</fileType></deliveredFiles><deliveredFiles><fileName>B48F0234002_0.csv</fileName><fileType>DATA_FILE</fileType></deliveredFiles><deliveredFiles><fileName>B48F0234002_1.csv</fileName><fileType>DATA_FILE</fileType></deliveredFiles></deliveredObjects><deliveredObjects><objectId>B48F0190</objectId><objectType>GWST</objectType><x>58220.0</x><y>388340.0</y><registration_status>REGISTERED</registration_status><deliveredFiles><fileName>B48F0190001_0.csv</fileName><fileType>DATA_FILE</fileType></deliveredFiles><deliveredFiles><fileName>B48F0190001_1.csv</fileName><fileType>DATA_FILE</fileType></deliveredFiles><deliveredFiles><fileName>B48F0190002_0.csv</fileName><fileType>DATA_FILE</fileType></deliveredFiles><deliveredFiles><fileName>B48F0190002_1.csv</fileName><fileType>DATA_FILE</fileType></deliveredFiles></deliveredObjects><deliveredObjects><objectId>B48F0249</objectId><objectType>GWST</objectType><x>58615.0</x><y>389020.0</y><registration_status>REGISTERED</registration_status><deliveredFiles><fileName>B48F0249001_0.csv</fileName><fileType>DATA_FILE</fileType></deliveredFiles><deliveredFiles><fileName>B48F0249001_1.csv</fileName><fileType>DATA_FILE</fileType></deliveredFiles></deliveredObjects><deliveredObjects><objectId>B48F0232</objectId><objectType>GWST</objectType><x>58615.0</x><y>389021.0</y><registration_status>REGISTERED</registration_status><deliveredFiles><fileName>B48F0232001_0.csv</fileName><fileType>DATA_FILE</fileType></deliveredFiles><deliveredFiles><fileName>B48F0232001_1.csv</fileName><fileType>DATA_FILE</fileType></deliveredFiles><deliveredFiles><fileName>B48F0232002_0.csv</fileName><fileType>DATA_FILE</fileType></deliveredFiles><deliveredFiles><fileName>B48F0232002_1.csv</fileName><fileType>DATA_FILE</fileType></deliveredFiles><deliveredFiles><fileName>B48F0232003_0.csv</fileName><fileType>DATA_FILE</fileType></deliveredFiles><deliveredFiles><fileName>B48F0232003_1.csv</fileName><fileType>DATA_FILE</fileType></deliveredFiles></deliveredObjects><deliveredObjects><objectId>B48F0200</objectId><objectType>GWST</objectType><x>58620.0</x><y>389000.0</y><registration_status>REGISTERED</registration_status><deliveredFiles><fileName>B48F0200001_0.csv</fileName><fileType>DATA_FILE</fileType></deliveredFiles><deliveredFiles><fileName>B48F0200001_1.csv</fileName><fileType>DATA_FILE</fileType></deliveredFiles><deliveredFiles><fileName>B48F0200002_0.csv</fileName><fileType>DATA_FILE</fileType></deliveredFiles><deliveredFiles><fileName>B48F0200002_1.csv</fileName><fileType>DATA_FILE</fileType></deliveredFiles><deliveredFiles><fileName>B48F0200003_0.csv</fileName><fileType>DATA_FILE</fileType></deliveredFiles><deliveredFiles><fileName>B48F0200003_1.csv</fileName><fileType>DATA_FILE</fileType></deliveredFiles></deliveredObjects><deliveredObjects><objectId>B48F0233</objectId><objectType>GWST</objectType><x>58803.0</x><y>388144.0</y><registration_status>REGISTERED</registration_status><deliveredFiles><fileName>B48F0233001_0.csv</fileName><fileType>DATA_FILE</fileType></deliveredFiles><deliveredFiles><fileName>B48F0233001_1.csv</fileName><fileType>DATA_FILE</fileType></deliveredFiles><deliveredFiles><fileName>B48F0233002_0.csv</fileName><fileType>DATA_FILE</fileType></deliveredFiles><deliveredFiles><fileName>B48F0233002_1.csv</fileName><fileType>DATA_FILE</fileType></deliveredFiles><deliveredFiles><fileName>B48F0233003_0.csv</fileName><fileType>DATA_FILE</fileType></deliveredFiles><deliveredFiles><fileName>B48F0233003_1.csv</fileName><fileType>DATA_FILE</fileType></deliveredFiles></deliveredObjects><deliveredObjects><objectId>B48F0201</objectId><objectType>GWST</objectType><x>59250.0</x><y>389080.0</y><registration_status>REGISTERED</registration_status><deliveredFiles><fileName>B48F0201001_0.csv</fileName><fileType>DATA_FILE</fileType></deliveredFiles><deliveredFiles><fileName>B48F0201001_1.csv</fileName><fileType>DATA_FILE</fileType></deliveredFiles><deliveredFiles><fileName>B48F0201002_0.csv</fileName><fileType>DATA_FILE</fileType></deliveredFiles><deliveredFiles><fileName>B48F0201002_1.csv</fileName><fileType>DATA_FILE</fileType></deliveredFiles><deliveredFiles><fileName>B48F0201003_0.csv</fileName><fileType>DATA_FILE</fileType></deliveredFiles><deliveredFiles><fileName>B48F0201003_1.csv</fileName><fileType>DATA_FILE</fileType></deliveredFiles></deliveredObjects><deliveredObjects><objectId>B48F0203</objectId><objectType>GWST</objectType><x>59400.0</x><y>389050.0</y><registration_status>REGISTERED</registration_status><deliveredFiles><fileName>B48F0203001_0.csv</fileName><fileType>DATA_FILE</fileType></deliveredFiles><deliveredFiles><fileName>B48F0203001_1.csv</fileName><fileType>DATA_FILE</fileType></deliveredFiles><deliveredFiles><fileName>B48F0203002_0.csv</fileName><fileType>DATA_FILE</fileType></deliveredFiles><deliveredFiles><fileName>B48F0203002_1.csv</fileName><fileType>DATA_FILE</fileType></deliveredFiles><deliveredFiles><fileName>B48F0203003_0.csv</fileName><fileType>DATA_FILE</fileType></deliveredFiles><deliveredFiles><fileName>B48F0203003_1.csv</fileName><fileType>DATA_FILE</fileType></deliveredFiles></deliveredObjects><deliveredObjects><objectId>B49A0247</objectId><objectType>GWST</objectType><x>60100.0</x><y>389040.0</y><registration_status>REGISTERED</registration_status><deliveredFiles><fileName>B49A0247001_0.csv</fileName><fileType>DATA_FILE</fileType></deliveredFiles><deliveredFiles><fileName>B49A0247001_1.csv</fileName><fileType>DATA_FILE</fileType></deliveredFiles><deliveredFiles><fileName>B49A0247002_0.csv</fileName><fileType>DATA_FILE</fileType></deliveredFiles><deliveredFiles><fileName>B49A0247002_1.csv</fileName><fileType>DATA_FILE</fileType></deliveredFiles><deliveredFiles><fileName>B49A0247003_0.csv</fileName><fileType>DATA_FILE</fileType></deliveredFiles><deliveredFiles><fileName>B49A0247003_1.csv</fileName><fileType>DATA_FILE</fileType></deliveredFiles></deliveredObjects><deliveredObjects><objectId>B49C0235</objectId><objectType>GWST</objectType><x>61260.0</x><y>385430.0</y><registration_status>REGISTERED</registration_status><deliveredFiles><fileName>B49C0235001_0.csv</fileName><fileType>DATA_FILE</fileType></deliveredFiles><deliveredFiles><fileName>B49C0235001_1.csv</fileName><fileType>DATA_FILE</fileType></deliveredFiles><deliveredFiles><fileName>B49C0235002_0.csv</fileName><fileType>DATA_FILE</fileType></deliveredFiles><deliveredFiles><fileName>B49C0235002_1.csv</fileName><fileType>DATA_FILE</fileType></deliveredFiles><deliveredFiles><fileName>B49C0235003_0.csv</fileName><fileType>DATA_FILE</fileType></deliveredFiles><deliveredFiles><fileName>B49C0235003_1.csv</fileName><fileType>DATA_FILE</fileType></deliveredFiles></deliveredObjects><deliveredObjects><objectId>B49A0248</objectId><objectType>GWST</objectType><x>60890.0</x><y>388300.0</y><registration_status>REGISTERED</registration_status><deliveredFiles><fileName>B49A0248001_0.csv</fileName><fileType>DATA_FILE</fileType></deliveredFiles><deliveredFiles><fileName>B49A0248001_1.csv</fileName><fileType>DATA_FILE</fileType></deliveredFiles><deliveredFiles><fileName>B49A0248002_0.csv</fileName><fileType>DATA_FILE</fileType></deliveredFiles><deliveredFiles><fileName>B49A0248002_1.csv</fileName><fileType>DATA_FILE</fileType></deliveredFiles><deliveredFiles><fileName>B49A0248003_0.csv</fileName><fileType>DATA_FILE</fileType></deliveredFiles><deliveredFiles><fileName>B49A0248003_1.csv</fileName><fileType>DATA_FILE</fileType></deliveredFiles></deliveredObjects><deliveredObjects><objectId>B48H0292</objectId><objectType>GWST</objectType><x>58940.0</x><y>385400.0</y><registration_status>REGISTERED</registration_status><deliveredFiles><fileName>B48H0292001_0.csv</fileName><fileType>DATA_FILE</fileType></deliveredFiles><deliveredFiles><fileName>B48H0292001_1.csv</fileName><fileType>DATA_FILE</fileType></deliveredFiles></deliveredObjects><deliveredObjects><objectId>B48H0309</objectId><objectType>GWST</objectType><x>58360.0</x><y>386190.0</y><registration_status>REGISTERED</registration_status><deliveredFiles><fileName>B48H0309001_0.csv</fileName><fileType>DATA_FILE</fileType></deliveredFiles><deliveredFiles><fileName>B48H0309001_1.csv</fileName><fileType>DATA_FILE</fileType></deliveredFiles><deliveredFiles><fileName>B48H0309002_0.csv</fileName><fileType>DATA_FILE</fileType></deliveredFiles><deliveredFiles><fileName>B48H0309002_1.csv</fileName><fileType>DATA_FILE</fileType></deliveredFiles><deliveredFiles><fileName>B48H0309003_0.csv</fileName><fileType>DATA_FILE</fileType></deliveredFiles><deliveredFiles><fileName>B48H0309003_1.csv</fileName><fileType>DATA_FILE</fileType></deliveredFiles></deliveredObjects><deliveredObjects><objectId>B48H0310</objectId><objectType>GWST</objectType><x>58640.0</x><y>386560.0</y><registration_status>REGISTERED</registration_status><deliveredFiles><fileName>B48H0310001_0.csv</fileName><fileType>DATA_FILE</fileType></deliveredFiles><deliveredFiles><fileName>B48H0310001_1.csv</fileName><fileType>DATA_FILE</fileType></deliveredFiles><deliveredFiles><fileName>B48H0310002_0.csv</fileName><fileType>DATA_FILE</fileType></deliveredFiles><deliveredFiles><fileName>B48H0310002_1.csv</fileName><fileType>DATA_FILE</fileType></deliveredFiles><deliveredFiles><fileName>B48H0310003_0.csv</fileName><fileType>DATA_FILE</fileType></deliveredFiles><deliveredFiles><fileName>B48H0310003_1.csv</fileName><fileType>DATA_FILE</fileType></deliveredFiles></deliveredObjects><deliveredObjects><objectId>B49C0232</objectId><objectType>GWST</objectType><x>60060.0</x><y>386700.0</y><registration_status>REGISTERED</registration_status><deliveredFiles><fileName>B49C0232002_0.csv</fileName><fileType>DATA_FILE</fileType></deliveredFiles><deliveredFiles><fileName>B49C0232002_1.csv</fileName><fileType>DATA_FILE</fileType></deliveredFiles><deliveredFiles><fileName>B49C0232003_0.csv</fileName><fileType>DATA_FILE</fileType></deliveredFiles><deliveredFiles><fileName>B49C0232003_1.csv</fileName><fileType>DATA_FILE</fileType></deliveredFiles></deliveredObjects><deliveredObjects><objectId>B48H0308</objectId><objectType>GWST</objectType><x>59500.0</x><y>386890.0</y><registration_status>REGISTERED</registration_status><deliveredFiles><fileName>B48H0308001_0.csv</fileName><fileType>DATA_FILE</fileType></deliveredFiles><deliveredFiles><fileName>B48H0308001_1.csv</fileName><fileType>DATA_FILE</fileType></deliveredFiles><deliveredFiles><fileName>B48H0308002_0.csv</fileName><fileType>DATA_FILE</fileType></deliveredFiles><deliveredFiles><fileName>B48H0308002_1.csv</fileName><fileType>DATA_FILE</fileType></deliveredFiles></deliveredObjects><deliveredObjects><objectId>B48F0202</objectId><objectType>GWST</objectType><x>58810.0</x><y>388020.0</y><registration_status>REGISTERED</registration_status><deliveredFiles><fileName>B48F0202001_0.csv</fileName><fileType>DATA_FILE</fileType></deliveredFiles><deliveredFiles><fileName>B48F0202001_1.csv</fileName><fileType>DATA_FILE</fileType></deliveredFiles><deliveredFiles><fileName>B48F0202002_0.csv</fileName><fileType>DATA_FILE</fileType></deliveredFiles><deliveredFiles><fileName>B48F0202002_1.csv</fileName><fileType>DATA_FILE</fileType></deliveredFiles><deliveredFiles><fileName>B48F0202003_0.csv</fileName><fileType>DATA_FILE</fileType></deliveredFiles><deliveredFiles><fileName>B48F0202003_1.csv</fileName><fileType>DATA_FILE</fileType></deliveredFiles></deliveredObjects><deliveredObjects><objectId>B48F0207</objectId><objectType>GWST</objectType><x>58825.0</x><y>388140.0</y><registration_status>REGISTERED</registration_status><deliveredFiles><fileName>B48F0207001_0.csv</fileName><fileType>DATA_FILE</fileType></deliveredFiles><deliveredFiles><fileName>B48F0207001_1.csv</fileName><fileType>DATA_FILE</fileType></deliveredFiles><deliveredFiles><fileName>B48F0207002_0.csv</fileName><fileType>DATA_FILE</fileType></deliveredFiles><deliveredFiles><fileName>B48F0207002_1.csv</fileName><fileType>DATA_FILE</fileType></deliveredFiles><deliveredFiles><fileName>B48F0207003_0.csv</fileName><fileType>DATA_FILE</fileType></deliveredFiles><deliveredFiles><fileName>B48F0207003_1.csv</fileName><fileType>DATA_FILE</fileType></deliveredFiles></deliveredObjects><deliveredObjects><objectId>GMW000000050022</objectId><objectType>GMWBRO</objectType><x>58531.82</x><y>386913.83</y><registration_status>REGISTERED</registration_status><deliveredFiles><fileName>GMW000000050022_IMBRO.xml</fileName><fileType>DATA_FILE</fileType></deliveredFiles></deliveredObjects><deliveredObjects><objectId>GMW000000050012</objectId><objectType>GMWBRO</objectType><x>58531.86</x><y>386914.27</y><registration_status>REGISTERED</registration_status><deliveredFiles><fileName>GMW000000050012_IMBRO.xml</fileName><fileType>DATA_FILE</fileType></deliveredFiles></deliveredObjects><deliveredObjects><objectId>GMW000000050013</objectId><objectType>GMWBRO</objectType><x>57962.89</x><y>386936.42</y><registration_status>REGISTERED</registration_status><deliveredFiles><fileName>GMW000000050013_IMBRO.xml</fileName><fileType>DATA_FILE</fileType></deliveredFiles></deliveredObjects><deliveredObjects><objectId>GMW000000050016</objectId><objectType>GMWBRO</objectType><x>57964.05</x><y>386937.25</y><registration_status>REGISTERED</registration_status><deliveredFiles><fileName>GMW000000050016_IMBRO.xml</fileName><fileType>DATA_FILE</fileType></deliveredFiles></deliveredObjects><deliveredObjects><objectId>GMW000000042204</objectId><objectType>GMWBRO</objectType><x>57701.0</x><y>387484.0</y><registration_status>REGISTERED</registration_status><deliveredFiles><fileName>GMW000000042204_IMBRO.xml</fileName><fileType>DATA_FILE</fileType></deliveredFiles></deliveredObjects><deliveredObjects><objectId>GMW000000042205</objectId><objectType>GMWBRO</objectType><x>57686.0</x><y>387591.0</y><registration_status>REGISTERED</registration_status><deliveredFiles><fileName>GMW000000042205_IMBRO.xml</fileName><fileType>DATA_FILE</fileType></deliveredFiles></deliveredObjects><deliveredObjects><objectId>GMW000000040062</objectId><objectType>GMWBRO</objectType><x>58810.0</x><y>388020.0</y><registration_status>REGISTERED</registration_status><deliveredFiles><fileName>GMW000000040062_IMBRO_A.xml</fileName><fileType>DATA_FILE</fileType></deliveredFiles></deliveredObjects><deliveredObjects><objectId>GMW000000050740</objectId><objectType>GMWBRO</objectType><x>58825.0</x><y>388140.0</y><registration_status>REGISTERED</registration_status><deliveredFiles><fileName>GMW000000050740_IMBRO_A.xml</fileName><fileType>DATA_FILE</fileType></deliveredFiles></deliveredObjects><deliveredObjects><objectId>GMW000000063137</objectId><objectType>GMWBRO</objectType><x>58803.0</x><y>388144.0</y><registration_status>REGISTERED</registration_status><deliveredFiles><fileName>GMW000000063137_IMBRO_A.xml</fileName><fileType>DATA_FILE</fileType></deliveredFiles></deliveredObjects><deliveredObjects><objectId>GMW000000050975</objectId><objectType>GMWBRO</objectType><x>58220.0</x><y>388340.0</y><registration_status>REGISTERED</registration_status><deliveredFiles><fileName>GMW000000050975_IMBRO_A.xml</fileName><fileType>DATA_FILE</fileType></deliveredFiles></deliveredObjects><deliveredObjects><objectId>GMW000000050809</objectId><objectType>GMWBRO</objectType><x>58620.0</x><y>389000.0</y><registration_status>REGISTERED</registration_status><deliveredFiles><fileName>GMW000000050809_IMBRO_A.xml</fileName><fileType>DATA_FILE</fileType></deliveredFiles></deliveredObjects><deliveredObjects><objectId>GMW000000063136</objectId><objectType>GMWBRO</objectType><x>57381.0</x><y>389003.0</y><registration_status>REGISTERED</registration_status><deliveredFiles><fileName>GMW000000063136_IMBRO_A.xml</fileName><fileType>DATA_FILE</fileType></deliveredFiles></deliveredObjects><deliveredObjects><objectId>GMW000000051070</objectId><objectType>GMWBRO</objectType><x>57375.0</x><y>389005.0</y><registration_status>REGISTERED</registration_status><deliveredFiles><fileName>GMW000000051070_IMBRO_A.xml</fileName><fileType>DATA_FILE</fileType></deliveredFiles></deliveredObjects><deliveredObjects><objectId>GMW000000063112</objectId><objectType>GMWBRO</objectType><x>58615.0</x><y>389020.0</y><registration_status>REGISTERED</registration_status><deliveredFiles><fileName>GMW000000063112_IMBRO_A.xml</fileName><fileType>DATA_FILE</fileType></deliveredFiles></deliveredObjects><deliveredObjects><objectId>GMW000000063134</objectId><objectType>GMWBRO</objectType><x>58615.0</x><y>389021.0</y><registration_status>REGISTERED</registration_status><deliveredFiles><fileName>GMW000000063134_IMBRO_A.xml</fileName><fileType>DATA_FILE</fileType></deliveredFiles></deliveredObjects><deliveredObjects><objectId>GMW000000050989</objectId><objectType>GMWBRO</objectType><x>58260.0</x><y>389190.0</y><registration_status>REGISTERED</registration_status><deliveredFiles><fileName>GMW000000050989_IMBRO_A.xml</fileName><fileType>DATA_FILE</fileType></deliveredFiles></deliveredObjects><deliveredObjects><objectId>GMW000000050807</objectId><objectType>GMWBRO</objectType><x>61260.0</x><y>385430.0</y><registration_status>REGISTERED</registration_status><deliveredFiles><fileName>GMW000000050807_IMBRO_A.xml</fileName><fileType>DATA_FILE</fileType></deliveredFiles></deliveredObjects><deliveredObjects><objectId>GMW000000040027</objectId><objectType>GMWBRO</objectType><x>59370.0</x><y>385937.0</y><registration_status>REGISTERED</registration_status><deliveredFiles><fileName>GMW000000040027_IMBRO_A.xml</fileName><fileType>DATA_FILE</fileType></deliveredFiles></deliveredObjects><deliveredObjects><objectId>GMW000000050958</objectId><objectType>GMWBRO</objectType><x>60060.0</x><y>386700.0</y><registration_status>REGISTERED</registration_status><deliveredFiles><fileName>GMW000000050958_IMBRO_A.xml</fileName><fileType>DATA_FILE</fileType></deliveredFiles></deliveredObjects><deliveredObjects><objectId>GMW000000050832</objectId><objectType>GMWBRO</objectType><x>60060.0</x><y>386700.0</y><registration_status>REGISTERED</registration_status><deliveredFiles><fileName>GMW000000050832_IMBRO_A.xml</fileName><fileType>DATA_FILE</fileType></deliveredFiles></deliveredObjects><deliveredObjects><objectId>GMW000000050929</objectId><objectType>GMWBRO</objectType><x>59500.0</x><y>386890.0</y><registration_status>REGISTERED</registration_status><deliveredFiles><fileName>GMW000000050929_IMBRO_A.xml</fileName><fileType>DATA_FILE</fileType></deliveredFiles></deliveredObjects><deliveredObjects><objectId>GMW000000039147</objectId><objectType>GMWBRO</objectType><x>58954.0</x><y>387145.0</y><registration_status>REGISTERED</registration_status><deliveredFiles><fileName>GMW000000039147_IMBRO_A.xml</fileName><fileType>DATA_FILE</fileType></deliveredFiles></deliveredObjects><deliveredObjects><objectId>GMW000000044988</objectId><objectType>GMWBRO</objectType><x>60890.0</x><y>388300.0</y><registration_status>REGISTERED</registration_status><deliveredFiles><fileName>GMW000000044988_IMBRO_A.xml</fileName><fileType>DATA_FILE</fileType></deliveredFiles></deliveredObjects><deliveredObjects><objectId>GMW000000046408</objectId><objectType>GMWBRO</objectType><x>60100.0</x><y>389040.0</y><registration_status>REGISTERED</registration_status><deliveredFiles><fileName>GMW000000046408_IMBRO_A.xml</fileName><fileType>DATA_FILE</fileType></deliveredFiles></deliveredObjects><deliveredObjects><objectId>GMW000000057360</objectId><objectType>GMWBRO</objectType><x>59400.0</x><y>389050.0</y><registration_status>REGISTERED</registration_status><deliveredFiles><fileName>GMW000000057360_IMBRO_A.xml</fileName><fileType>DATA_FILE</fileType></deliveredFiles></deliveredObjects><deliveredObjects><objectId>GMW000000043544</objectId><objectType>GMWBRO</objectType><x>59250.0</x><y>389080.0</y><registration_status>REGISTERED</registration_status><deliveredFiles><fileName>GMW000000043544_IMBRO_A.xml</fileName><fileType>DATA_FILE</fileType></deliveredFiles></deliveredObjects><deliveredObjects><objectId>GMW000000056242</objectId><objectType>GMWBRO</objectType><x>58940.0</x><y>385400.0</y><registration_status>REGISTERED</registration_status><deliveredFiles><fileName>GMW000000056242_IMBRO_A.xml</fileName><fileType>DATA_FILE</fileType></deliveredFiles></deliveredObjects><deliveredObjects><objectId>GMW000000038704</objectId><objectType>GMWBRO</objectType><x>58138.0</x><y>385700.0</y><registration_status>REGISTERED</registration_status><deliveredFiles><fileName>GMW000000038704_IMBRO_A.xml</fileName><fileType>DATA_FILE</fileType></deliveredFiles></deliveredObjects><deliveredObjects><objectId>GMW000000050694</objectId><objectType>GMWBRO</objectType><x>58360.0</x><y>386190.0</y><registration_status>REGISTERED</registration_status><deliveredFiles><fileName>GMW000000050694_IMBRO_A.xml</fileName><fileType>DATA_FILE</fileType></deliveredFiles></deliveredObjects><deliveredObjects><objectId>GMW000000050786</objectId><objectType>GMWBRO</objectType><x>58640.0</x><y>386560.0</y><registration_status>REGISTERED</registration_status><deliveredFiles><fileName>GMW000000050786_IMBRO_A.xml</fileName><fileType>DATA_FILE</fileType></deliveredFiles></deliveredObjects><deliveredObjects><objectId>GMW000000006307</objectId><objectType>GMWBRO</objectType><x>58517.0</x><y>386620.0</y><registration_status>REGISTERED</registration_status><deliveredFiles><fileName>GMW000000006307_IMBRO_A.xml</fileName><fileType>DATA_FILE</fileType></deliveredFiles></deliveredObjects><deliveredObjects><objectId>GMW000000050023</objectId><objectType>GMWBRO</objectType><x>58755.72</x><y>386625.48</y><registration_status>REGISTERED</registration_status><deliveredFiles><fileName>GMW000000050023_IMBRO.xml</fileName><fileType>DATA_FILE</fileType></deliveredFiles></deliveredObjects><deliveredObjects><objectId>GMW000000050018</objectId><objectType>GMWBRO</objectType><x>58755.31</x><y>386625.79</y><registration_status>REGISTERED</registration_status><deliveredFiles><fileName>GMW000000050018_IMBRO.xml</fileName><fileType>DATA_FILE</fileType></deliveredFiles></deliveredObjects><deliveredObjects><objectId>GMW000000050015</objectId><objectType>GMWBRO</objectType><x>58554.5</x><y>386659.14</y><registration_status>REGISTERED</registration_status><deliveredFiles><fileName>GMW000000050015_IMBRO.xml</fileName><fileType>DATA_FILE</fileType></deliveredFiles></deliveredObjects><deliveredObjects><objectId>GMW000000050020</objectId><objectType>GMWBRO</objectType><x>58554.16</x><y>386659.3</y><registration_status>REGISTERED</registration_status><deliveredFiles><fileName>GMW000000050020_IMBRO.xml</fileName><fileType>DATA_FILE</fileType></deliveredFiles></deliveredObjects><deliveredObjects><objectId>GMW000000006293</objectId><objectType>GMWBRO</objectType><x>58426.0</x><y>386707.0</y><registration_status>REGISTERED</registration_status><deliveredFiles><fileName>GMW000000006293_IMBRO_A.xml</fileName><fileType>DATA_FILE</fileType></deliveredFiles></deliveredObjects><deliveredObjects><objectId>GMW000000050021</objectId><objectType>GMWBRO</objectType><x>58394.99</x><y>386739.71</y><registration_status>REGISTERED</registration_status><deliveredFiles><fileName>GMW000000050021_IMBRO.xml</fileName><fileType>DATA_FILE</fileType></deliveredFiles></deliveredObjects><deliveredObjects><objectId>GMW000000050014</objectId><objectType>GMWBRO</objectType><x>58394.75</x><y>386740.21</y><registration_status>REGISTERED</registration_status><deliveredFiles><fileName>GMW000000050014_IMBRO.xml</fileName><fileType>DATA_FILE</fileType></deliveredFiles></deliveredObjects><deliveredObjects><objectId>GMW000000050019</objectId><objectType>GMWBRO</objectType><x>58856.37</x><y>386888.62</y><registration_status>REGISTERED</registration_status><deliveredFiles><fileName>GMW000000050019_IMBRO.xml</fileName><fileType>DATA_FILE</fileType></deliveredFiles></deliveredObjects><deliveredObjects><objectId>GMW000000050017</objectId><objectType>GMWBRO</objectType><x>58855.93</x><y>386889.11</y><registration_status>REGISTERED</registration_status><deliveredFiles><fileName>GMW000000050017_IMBRO.xml</fileName><fileType>DATA_FILE</fileType></deliveredFiles></deliveredObjects><deliveredObjects><objectId>GAR000000035655</objectId><objectType>GAR</objectType><registration_status>REGISTERED</registration_status><deliveredFiles><fileName>GAR000000035655_IMBRO_A.xml</fileName><fileType>DATA_FILE</fileType></deliveredFiles></deliveredObjects><deliveredObjects><objectId>GAR000000035656</objectId><objectType>GAR</objectType><registration_status>REGISTERED</registration_status><deliveredFiles><fileName>GAR000000035656_IMBRO_A.xml</fileName><fileType>DATA_FILE</fileType></deliveredFiles></deliveredObjects><deliveredObjects><objectId>GAR000000035955</objectId><objectType>GAR</objectType><registration_status>REGISTERED</registration_status><deliveredFiles><fileName>GAR000000035955_IMBRO_A.xml</fileName><fileType>DATA_FILE</fileType></deliveredFiles></deliveredObjects><deliveredObjects><objectId>GAR000000035974</objectId><objectType>GAR</objectType><registration_status>REGISTERED</registration_status><deliveredFiles><fileName>GAR000000035974_IMBRO_A.xml</fileName><fileType>DATA_FILE</fileType></deliveredFiles></deliveredObjects><deliveredObjects><objectId>GAR000000035995</objectId><objectType>GAR</objectType><registration_status>REGISTERED</registration_status><deliveredFiles><fileName>GAR000000035995_IMBRO_A.xml</fileName><fileType>DATA_FILE</fileType></deliveredFiles></deliveredObjects><deliveredObjects><objectId>GAR000000035999</objectId><objectType>GAR</objectType><registration_status>REGISTERED</registration_status><deliveredFiles><fileName>GAR000000035999_IMBRO_A.xml</fileName><fileType>DATA_FILE</fileType></deliveredFiles></deliveredObjects><deliveredObjects><objectId>GAR000000036002</objectId><objectType>GAR</objectType><registration_status>REGISTERED</registration_status><deliveredFiles><fileName>GAR000000036002_IMBRO_A.xml</fileName><fileType>DATA_FILE</fileType></deliveredFiles></deliveredObjects><deliveredObjects><objectId>GAR000000035784</objectId><objectType>GAR</objectType><registration_status>REGISTERED</registration_status><deliveredFiles><fileName>GAR000000035784_IMBRO_A.xml</fileName><fileType>DATA_FILE</fileType></deliveredFiles></deliveredObjects><deliveredObjects><objectId>GAR000000035785</objectId><objectType>GAR</objectType><registration_status>REGISTERED</registration_status><deliveredFiles><fileName>GAR000000035785_IMBRO_A.xml</fileName><fileType>DATA_FILE</fileType></deliveredFiles></deliveredObjects><deliveredObjects><objectId>GAR000000035791</objectId><objectType>GAR</objectType><registration_status>REGISTERED</registration_status><deliveredFiles><fileName>GAR000000035791_IMBRO_A.xml</fileName><fileType>DATA_FILE</fileType></deliveredFiles></deliveredObjects><deliveredObjects><objectId>GAR000000035793</objectId><objectType>GAR</objectType><registration_status>REGISTERED</registration_status><deliveredFiles><fileName>GAR000000035793_IMBRO_A.xml</fileName><fileType>DATA_FILE</fileType></deliveredFiles></deliveredObjects><deliveredObjects><objectId>GAR000000035794</objectId><objectType>GAR</objectType><registration_status>REGISTERED</registration_status><deliveredFiles><fileName>GAR000000035794_IMBRO_A.xml</fileName><fileType>DATA_FILE</fileType></deliveredFiles></deliveredObjects><deliveredObjects><objectId>GAR000000035795</objectId><objectType>GAR</objectType><registration_status>REGISTERED</registration_status><deliveredFiles><fileName>GAR000000035795_IMBRO_A.xml</fileName><fileType>DATA_FILE</fileType></deliveredFiles></deliveredObjects><deliveredObjects><objectId>GAR000000035796</objectId><objectType>GAR</objectType><registration_status>REGISTERED</registration_status><deliveredFiles><fileName>GAR000000035796_IMBRO_A.xml</fileName><fileType>DATA_FILE</fileType></deliveredFiles></deliveredObjects><deliveredObjects><objectId>GAR000000035658</objectId><objectType>GAR</objectType><registration_status>REGISTERED</registration_status><deliveredFiles><fileName>GAR000000035658_IMBRO_A.xml</fileName><fileType>DATA_FILE</fileType></deliveredFiles></deliveredObjects><deliveredObjects><objectId>GAR000000035659</objectId><objectType>GAR</objectType><registration_status>REGISTERED</registration_status><deliveredFiles><fileName>GAR000000035659_IMBRO_A.xml</fileName><fileType>DATA_FILE</fileType></deliveredFiles></deliveredObjects><deliveredObjects><objectId>GAR000000035663</objectId><objectType>GAR</objectType><registration_status>REGISTERED</registration_status><deliveredFiles><fileName>GAR000000035663_IMBRO_A.xml</fileName><fileType>DATA_FILE</fileType></deliveredFiles></deliveredObjects><deliveredObjects><objectId>GAR000000035664</objectId><objectType>GAR</objectType><registration_status>REGISTERED</registration_status><deliveredFiles><fileName>GAR000000035664_IMBRO_A.xml</fileName><fileType>DATA_FILE</fileType></deliveredFiles></deliveredObjects><deliveredObjects><objectId>GAR000000035665</objectId><objectType>GAR</objectType><registration_status>REGISTERED</registration_status><deliveredFiles><fileName>GAR000000035665_IMBRO_A.xml</fileName><fileType>DATA_FILE</fileType></deliveredFiles></deliveredObjects><deliveredObjects><objectId>GAR000000035667</objectId><objectType>GAR</objectType><registration_status>REGISTERED</registration_status><deliveredFiles><fileName>GAR000000035667_IMBRO_A.xml</fileName><fileType>DATA_FILE</fileType></deliveredFiles></deliveredObjects><deliveredObjects><objectId>GAR000000035668</objectId><objectType>GAR</objectType><registration_status>REGISTERED</registration_status><deliveredFiles><fileName>GAR000000035668_IMBRO_A.xml</fileName><fileType>DATA_FILE</fileType></deliveredFiles></deliveredObjects><deliveredObjects><objectId>GAR000000035671</objectId><objectType>GAR</objectType><registration_status>REGISTERED</registration_status><deliveredFiles><fileName>GAR000000035671_IMBRO_A.xml</fileName><fileType>DATA_FILE</fileType></deliveredFiles></deliveredObjects><deliveredObjects><objectId>GAR000000035695</objectId><objectType>GAR</objectType><registration_status>REGISTERED</registration_status><deliveredFiles><fileName>GAR000000035695_IMBRO_A.xml</fileName><fileType>DATA_FILE</fileType></deliveredFiles></deliveredObjects><deliveredObjects><objectId>GAR000000035698</objectId><objectType>GAR</objectType><registration_status>REGISTERED</registration_status><deliveredFiles><fileName>GAR000000035698_IMBRO_A.xml</fileName><fileType>DATA_FILE</fileType></deliveredFiles></deliveredObjects><deliveredObjects><objectId>GAR000000035700</objectId><objectType>GAR</objectType><registration_status>REGISTERED</registration_status><deliveredFiles><fileName>GAR000000035700_IMBRO_A.xml</fileName><fileType>DATA_FILE</fileType></deliveredFiles></deliveredObjects><deliveredObjects><objectId>GAR000000035702</objectId><objectType>GAR</objectType><registration_status>REGISTERED</registration_status><deliveredFiles><fileName>GAR000000035702_IMBRO_A.xml</fileName><fileType>DATA_FILE</fileType></deliveredFiles></deliveredObjects><deliveredObjects><objectId>GAR000000035703</objectId><objectType>GAR</objectType><registration_status>REGISTERED</registration_status><deliveredFiles><fileName>GAR000000035703_IMBRO_A.xml</fileName><fileType>DATA_FILE</fileType></deliveredFiles></deliveredObjects><deliveredObjects><objectId>GAR000000035704</objectId><objectType>GAR</objectType><registration_status>REGISTERED</registration_status><deliveredFiles><fileName>GAR000000035704_IMBRO_A.xml</fileName><fileType>DATA_FILE</fileType></deliveredFiles></deliveredObjects><deliveredObjects><objectId>GAR000000035705</objectId><objectType>GAR</objectType><registration_status>REGISTERED</registration_status><deliveredFiles><fileName>GAR000000035705_IMBRO_A.xml</fileName><fileType>DATA_FILE</fileType></deliveredFiles></deliveredObjects><deliveredObjects><objectId>GAR000000035710</objectId><objectType>GAR</objectType><registration_status>REGISTERED</registration_status><deliveredFiles><fileName>GAR000000035710_IMBRO_A.xml</fileName><fileType>DATA_FILE</fileType></deliveredFiles></deliveredObjects><deliveredObjects><objectId>GAR000000035711</objectId><objectType>GAR</objectType><registration_status>REGISTERED</registration_status><deliveredFiles><fileName>GAR000000035711_IMBRO_A.xml</fileName><fileType>DATA_FILE</fileType></deliveredFiles></deliveredObjects><deliveredObjects><objectId>GAR000000035715</objectId><objectType>GAR</objectType><registration_status>REGISTERED</registration_status><deliveredFiles><fileName>GAR000000035715_IMBRO_A.xml</fileName><fileType>DATA_FILE</fileType></deliveredFiles></deliveredObjects><deliveredObjects><objectId>GAR000000035716</objectId><objectType>GAR</objectType><registration_status>REGISTERED</registration_status><deliveredFiles><fileName>GAR000000035716_IMBRO_A.xml</fileName><fileType>DATA_FILE</fileType></deliveredFiles></deliveredObjects><deliveredObjects><objectId>GAR000000035717</objectId><objectType>GAR</objectType><registration_status>REGISTERED</registration_status><deliveredFiles><fileName>GAR000000035717_IMBRO_A.xml</fileName><fileType>DATA_FILE</fileType></deliveredFiles></deliveredObjects><deliveredObjects><objectId>GAR000000035741</objectId><objectType>GAR</objectType><registration_status>REGISTERED</registration_status><deliveredFiles><fileName>GAR000000035741_IMBRO_A.xml</fileName><fileType>DATA_FILE</fileType></deliveredFiles></deliveredObjects><deliveredObjects><objectId>GAR000000035753</objectId><objectType>GAR</objectType><registration_status>REGISTERED</registration_status><deliveredFiles><fileName>GAR000000035753_IMBRO_A.xml</fileName><fileType>DATA_FILE</fileType></deliveredFiles></deliveredObjects><deliveredObjects><objectId>GAR000000035754</objectId><objectType>GAR</objectType><registration_status>REGISTERED</registration_status><deliveredFiles><fileName>GAR000000035754_IMBRO_A.xml</fileName><fileType>DATA_FILE</fileType></deliveredFiles></deliveredObjects><deliveredObjects><objectId>GMN000000000524</objectId><objectType>GMN</objectType><registration_status>REGISTERED</registration_status><deliveredFiles><fileName>GMN000000000524_IMBRO_A.xml</fileName><fileType>DATA_FILE</fileType></deliveredFiles></deliveredObjects><deliveredObjects><objectId>GLD000000007184</objectId><objectType>GLD</objectType><registration_status>REGISTERED</registration_status><deliveredFiles><fileName>GLD000000007184_IMBRO_A.xml</fileName><fileType>DATA_FILE</fileType></deliveredFiles></deliveredObjects><deliveredObjects><objectId>GLD000000007187</objectId><objectType>GLD</objectType><registration_status>REGISTERED</registration_status><deliveredFiles><fileName>GLD000000007187_IMBRO_A.xml</fileName><fileType>DATA_FILE</fileType></deliveredFiles></deliveredObjects><deliveredObjects><objectId>GLD000000006954</objectId><objectType>GLD</objectType><registration_status>REGISTERED</registration_status><deliveredFiles><fileName>GLD000000006954_IMBRO_A.xml</fileName><fileType>DATA_FILE</fileType></deliveredFiles></deliveredObjects><deliveredObjects><objectId>GLD000000007074</objectId><objectType>GLD</objectType><registration_status>REGISTERED</registration_status><deliveredFiles><fileName>GLD000000007074_IMBRO_A.xml</fileName><fileType>DATA_FILE</fileType></deliveredFiles></deliveredObjects><deliveredObjects><objectId>GLD000000007212</objectId><objectType>GLD</objectType><registration_status>REGISTERED</registration_status><deliveredFiles><fileName>GLD000000007212_IMBRO_A.xml</fileName><fileType>DATA_FILE</fileType></deliveredFiles></deliveredObjects><deliveredObjects><objectId>GLD000000007001</objectId><objectType>GLD</objectType><registration_status>REGISTERED</registration_status><deliveredFiles><fileName>GLD000000007001_IMBRO_A.xml</fileName><fileType>DATA_FILE</fileType></deliveredFiles></deliveredObjects><deliveredObjects><objectId>GLD000000007094</objectId><objectType>GLD</objectType><registration_status>REGISTERED</registration_status><deliveredFiles><fileName>GLD000000007094_IMBRO_A.xml</fileName><fileType>DATA_FILE</fileType></deliveredFiles></deliveredObjects><deliveredObjects><objectId>GLD000000007130</objectId><objectType>GLD</objectType><registration_status>REGISTERED</registration_status><deliveredFiles><fileName>GLD000000007130_IMBRO_A.xml</fileName><fileType>DATA_FILE</fileType></deliveredFiles></deliveredObjects><deliveredObjects><objectId>GLD000000007022</objectId><objectType>GLD</objectType><registration_status>REGISTERED</registration_status><deliveredFiles><fileName>GLD000000007022_IMBRO_A.xml</fileName><fileType>DATA_FILE</fileType></deliveredFiles></deliveredObjects><deliveredObjects><objectId>GLD000000007048</objectId><objectType>GLD</objectType><registration_status>REGISTERED</registration_status><deliveredFiles><fileName>GLD000000007048_IMBRO_A.xml</fileName><fileType>DATA_FILE</fileType></deliveredFiles></deliveredObjects><deliveredObjects><objectId>GLD000000007055</objectId><objectType>GLD</objectType><registration_status>REGISTERED</registration_status><deliveredFiles><fileName>GLD000000007055_IMBRO_A.xml</fileName><fileType>DATA_FILE</fileType></deliveredFiles></deliveredObjects><deliveredObjects><objectId>GLD000000007213</objectId><objectType>GLD</objectType><registration_status>REGISTERED</registration_status><deliveredFiles><fileName>GLD000000007213_IMBRO_A.xml</fileName><fileType>DATA_FILE</fileType></deliveredFiles></deliveredObjects></packingSlip>